City,Lat,Lng,Max Temp,Humidity,Cloudiness,Wind Speed,Country,Date
Zhigansk,66.7697,123.3711,-40.57,79,72,4.73,RU,1610601553
Evensk,61.95,159.2333,-28.21,74,76,2.59,RU,1610601554
Juneau,58.3019,-134.4197,3.0,87,75,3.6,US,1610601407
Mubende,0.5606,31.39,20.24,64,79,0.12,UG,1610601558
San Ignacio,17.1561,-89.0714,22.0,88,75,1.01,BZ,1610601559
Kjøllefjord,70.9457,27.3465,-1.0,86,40,9.26,NO,1610601564
Erdenet,49.0333,104.0833,-19.8,86,49,1.61,MN,1610601565
Buri,-23.7975,-48.5928,20.46,85,96,4.73,BR,1610601567
San Fernando del Valle de Catamarca,-28.4696,-65.7852,18.33,88,15,0.45,AR,1610601570
Tashtagol,52.7657,87.8894,-20.77,86,98,0.97,RU,1610601572
Woodward,36.4337,-99.3904,5.0,60,1,4.63,US,1610601572
Takoradze,4.8845,-1.7554,25.56,87,87,2.67,GH,1610601573
San Patricio,28.017,-97.5169,8.0,93,20,4.12,US,1610601574
Basco,20.4487,121.9702,21.31,75,38,8.64,PH,1610601577
Ulaangom,49.9811,92.0667,-19.11,91,100,0.73,MN,1610601578
Zapolyarnyy,69.4154,30.8136,-17.0,78,75,4.63,RU,1610601579
Guarujá,-23.9931,-46.2564,25.0,26,100,4.26,BR,1610601391
Paranhos,-23.8928,-55.4311,22.01,99,100,1.71,BR,1610601583
Morón,-34.6534,-58.6198,21.11,57,0,3.58,AR,1610601587
Valença,-13.3703,-39.0731,22.65,92,25,0.71,BR,1610601587
Buenos Aires,-34.6132,-58.3772,21.11,64,0,9.26,AR,1610601497
Prieska,-29.6641,22.7474,25.92,55,15,3.31,ZA,1610601590
Churapcha,62.0025,132.4325,-41.56,78,83,0.73,RU,1610601592
Nome,64.5011,-165.4064,-8.0,93,90,4.63,US,1610601594
Kielce,50.8703,20.6275,0.56,1,99,0.67,PL,1610601597
Mount Gambier,-37.8333,140.7667,19.0,48,75,6.69,AU,1610601604
São João da Barra,-21.6403,-41.0511,24.35,87,0,6.88,BR,1610601607
Keller,32.9346,-97.2517,9.44,66,20,4.12,US,1610601609
Roald,62.5833,6.1333,-4.0,68,0,4.12,NO,1610601611
Anori,-3.7728,-61.6442,22.91,98,79,0.61,BR,1610601611
Yar,58.249,52.1026,-24.59,89,98,4.69,RU,1610601612
Bibiani,6.4635,-2.3194,20.86,96,0,0.36,GH,1610601613
Matara,5.9485,80.5353,28.41,69,100,4.21,LK,1610601613
Verkhnevilyuysk,63.4453,120.3167,-28.53,86,98,3.03,RU,1610601616
Machiques,10.0644,-72.545,23.35,67,85,2.11,VE,1610601616
Konstantinovsk,47.5828,41.0922,-0.06,97,100,4.59,RU,1610601617
Terra Santa,-2.1042,-56.4869,23.41,95,63,0.22,BR,1610601618
Baykit,61.67,96.37,-19.12,85,100,4.72,RU,1610601619
Olinda,-8.0089,-34.8553,26.0,69,75,1.54,BR,1610601621
Paris,48.8534,2.3488,9.44,93,90,6.69,FR,1610601433
Port Hueneme,34.1478,-119.1951,14.44,58,1,2.57,US,1610601418
Altamira,-3.2033,-52.2064,22.17,97,98,1.38,BR,1610601625
Kanigiri,15.4,79.5167,26.68,62,0,3.01,IN,1610601627
Cap Malheureux,-19.9842,57.6142,28.0,74,40,5.66,MU,1610601627
Desaguadero,-16.5656,-69.0417,8.72,74,100,3.22,PE,1610601633
Chicama,-7.8447,-79.1469,21.21,81,100,2.07,PE,1610601634
Palmares do Sul,-30.2578,-50.5097,20.12,74,21,5.23,BR,1610601640
Jacqueville,5.2052,-4.4146,25.0,94,20,1.54,CI,1610601641
Kingaroy,-26.5333,151.8333,31.0,37,40,4.12,AU,1610601645
Prince Rupert,54.3161,-130.3201,5.0,75,90,4.12,CA,1610601652
La Ronge,55.1001,-105.2842,-1.0,86,100,4.12,CA,1610601653
Fort William,56.8165,-5.1121,2.22,96,100,1.11,GB,1610601655
Pevek,69.7008,170.3133,-26.73,89,100,0.52,RU,1610601661
Sinnamary,5.3833,-52.95,24.71,86,82,4.71,GF,1610601662
Haines Junction,60.7522,-137.5108,-16.0,85,45,1.03,CA,1610601664
Cabedelo,-6.9811,-34.8339,24.0,94,40,1.54,BR,1610601665
Whitecourt,54.1502,-115.6855,-3.0,63,1,6.17,CA,1610601666
Béboto,8.2668,16.939,17.15,28,0,2.13,TD,1610601667
Nemuro,43.3236,145.575,-1.0,69,40,10.8,JP,1610601667
Omboué,-1.5746,9.2618,22.68,92,99,2.23,GA,1610601668
Tangermünde,52.5446,11.9765,2.22,82,92,0.89,DE,1610601675
Ende,-8.8432,121.6623,31.13,60,89,2.16,ID,1610601676
San Policarpo,12.1791,125.5072,28.47,69,14,3.24,PH,1610601680
Lázaro Cárdenas,17.9583,-102.2,24.51,56,58,1.47,MX,1610601681
San Vicente,-26.6167,-54.1333,20.34,93,5,2.01,AR,1610601683
Takhtamygda,54.1,123.5667,-24.57,80,35,1.0,RU,1610601686
Caucayá,-0.1934,-74.7819,21.42,90,96,0.24,CO,1610601688
Buraidah,26.326,43.975,11.0,71,40,3.09,SA,1610601661
Yinchuan,38.4681,106.2731,2.44,59,43,4.24,CN,1610601689
Illapel,-31.6308,-71.1653,12.08,70,0,0.67,CL,1610601690
Sibolga,1.7427,98.7792,30.46,48,68,1.76,ID,1610601426
Kaltasy,55.9693,54.8032,-18.79,91,100,4.48,RU,1610601695
Pachino,36.7186,15.0907,3.0,100,0,1.03,IT,1610601695
Tilichiki,60.4667,166.1,-31.58,85,2,3.55,RU,1610601698
Winsum,53.33,6.5208,0.56,91,29,5.31,NL,1610601699
Weligama,5.9667,80.4167,28.51,69,100,4.2,LK,1610601702
Okhotsk,59.3833,143.3,-24.55,81,0,4.03,RU,1610601708
Tasiilaq,65.6145,-37.6368,2.0,69,75,5.44,GL,1610601710
St. George's,12.0564,-61.7485,25.0,83,20,5.14,GD,1610601711
Antalaha,-14.9003,50.2788,28.55,71,49,0.91,MG,1610601712
Iskateley,67.6803,53.1512,-23.43,85,95,5.38,RU,1610601713
Carnot,4.9409,15.8665,17.08,33,46,0.5,CF,1610601715
Deputatsky,69.3,139.9,-36.4,83,95,0.41,RU,1610601715
Fortuna,40.5982,-124.1573,13.33,100,90,1.27,US,1610601716
Dunedin,-45.8742,170.5036,18.84,64,6,4.46,NZ,1610601718
Ladário,-19.0047,-57.6017,23.74,97,100,0.58,BR,1610601728
Barra do Bugres,-15.0725,-57.1811,23.24,93,95,0.18,BR,1610601728
Porto Santo,33.072,-16.3415,13.0,71,20,3.6,PT,1610601635
Zyryanka,65.75,150.85,-32.46,85,100,3.71,RU,1610601736
Faya,18.3851,42.4509,12.0,71,0,3.09,SA,1610601737
Ca Mau,9.1769,105.15,28.69,43,47,2.88,VN,1610601742
Yuanping,38.7153,112.7575,0.82,65,53,0.75,CN,1610601745
Kampong Cham,11.9934,105.4635,27.98,43,2,3.07,KH,1610601573
Okha,53.5739,142.9478,-19.4,87,100,5.36,RU,1610601748
Mackenzie,55.2999,-123.1698,-5.0,74,75,2.06,CA,1610601748
Lagoa,39.05,-27.9833,16.52,86,52,6.74,PT,1610601615
Nanning,22.8167,108.3167,19.0,32,0,1.0,CN,1610601753
Todireni,47.6167,27.1167,-2.22,91,69,2.06,RO,1610601755
Cho Dok,10.7,105.1167,28.2,44,0,3.2,VN,1610601757
Trivandrum,8.4833,76.9167,30.0,70,40,2.06,IN,1610601761
Ahipara,-35.1667,173.1667,21.57,74,12,3.07,NZ,1610601714
Tonstad,58.6626,6.7169,-2.78,77,0,2.44,NO,1610601766
Wamba,8.9333,8.6,19.77,24,0,1.72,NG,1610601755
Partenit,44.578,34.3446,4.13,71,72,0.26,UA,1610601771
Gravdal,68.1214,13.5031,-0.11,95,70,2.48,NO,1610601772
Beyneu,45.3167,55.2,1.15,86,21,15.36,KZ,1610601775
Aljezur,37.3191,-8.8033,3.89,100,0,1.34,PT,1610601776
Ambovombe,-25.1667,46.0833,27.85,73,11,3.45,MG,1610601777
Bandarbeyla,9.4942,50.8122,23.61,72,78,9.32,SO,1610601782
Labuhan,-6.8844,112.2051,30.05,68,100,2.64,ID,1610601783
The Valley,18.217,-63.0578,25.0,83,40,5.14,AI,1610601674
Xining,36.6167,101.7667,-0.23,51,27,2.28,CN,1610601786
Nabire,-3.3667,135.4833,29.57,70,100,1.71,ID,1610601788
Graham,47.0529,-122.2943,4.44,100,90,1.32,US,1610601789
Charters Towers,-20.1,146.2667,30.47,51,97,4.52,AU,1610601791
Valdivia,-39.8142,-73.2459,7.0,100,88,1.03,CL,1610601797
Nuuk,64.1835,-51.7216,-4.0,93,75,5.14,GL,1610601798
Mil'kovo,54.7167,158.6167,-21.33,86,0,0.51,RU,1610601801
Klimovo,52.3805,32.1923,-8.96,94,99,1.62,RU,1610601801
Mossamedes,-15.1961,12.1522,22.15,70,100,1.2,AO,1610601803
Valley City,46.9233,-98.0032,4.0,100,90,6.69,US,1610601803
Langsa,4.4683,97.9683,24.97,91,100,0.27,ID,1610601808
Teya,60.3778,92.6267,-22.96,86,100,4.77,RU,1610601809
Nioro,13.35,-15.75,20.97,22,0,4.02,GM,1610601811
Hayesville,44.986,-122.9829,7.78,87,1,1.54,US,1610601812
Pakse,15.1167,105.7833,25.0,47,0,2.06,LA,1610601813
Kidal,18.4411,1.4078,19.12,23,1,3.96,ML,1610601816
Payo,-3.7508,103.6372,29.34,64,100,2.39,ID,1610601816
Sungai Penuh,-2.0833,101.3833,25.58,55,98,1.36,ID,1610601818
Bonthe,7.5264,-12.505,24.81,87,0,1.04,SL,1610601821
Kitui,-1.367,38.0106,18.75,72,75,1.45,KE,1610601822
Comrat,46.3003,28.6572,-1.47,91,57,2.94,MD,1610601824
Dongsheng,39.8161,109.9776,-1.24,68,100,8.99,CN,1610601826
Saint-Joseph,-21.3667,55.6167,29.0,74,0,2.57,RE,1610601827
Moussoro,13.6408,16.4901,18.14,25,0,4.85,TD,1610601830
Kayes,14.0,-11.0,21.2,21,0,2.89,ML,1610601831
Forest Grove,45.5198,-123.1107,6.11,100,1,2.57,US,1610601823
Abhā,18.2164,42.5053,12.0,71,0,3.09,SA,1610601837
Kendari,-3.945,122.4989,30.2,70,100,1.62,ID,1610601839
Eureka,40.8021,-124.1637,12.22,94,61,1.43,US,1610601767
Haizhou,34.5817,119.1289,11.84,48,0,3.19,CN,1610601842
Talnakh,69.4865,88.3972,-34.0,77,1,2.7,RU,1610601647
Médéa,36.2642,2.7539,5.0,100,20,2.57,DZ,1610601853
Thana,34.6369,72.0739,15.87,25,1,0.85,PK,1610601857
Guerrero Negro,27.9769,-114.0611,14.21,55,0,2.63,MX,1610601786
Ust-Maya,60.4167,134.5333,-39.9,80,87,0.26,RU,1610601859
Zambezi,-13.5432,23.1047,18.41,97,100,1.79,ZM,1610601860
Jardim,-21.4803,-56.1381,22.8,93,100,1.14,BR,1610601865
Alofi,-19.0595,-169.9187,25.0,94,90,3.6,NU,1610601678
Sinegor'ye,62.0788,150.477,-33.03,81,100,0.73,RU,1610601867
Kiama,-34.6833,150.8667,32.22,72,29,0.89,AU,1610601869
Waipawa,-41.4122,175.5153,21.11,77,50,3.6,NZ,1610601775
Wanning,18.8003,110.3967,20.98,58,53,4.25,CN,1610601874
Ostrovnoy,68.0531,39.5131,-15.81,94,75,10.63,RU,1610601875
Vryburg,-26.9566,24.7284,22.92,63,37,3.99,ZA,1610601878
Porto Recanati,43.4365,13.6613,7.0,87,40,2.57,IT,1610601880
College,64.8569,-147.8028,-21.0,77,75,2.06,US,1610601880
Yinzhu,35.8786,119.9753,10.0,66,75,8.0,CN,1610601602
Fort Nelson,58.8053,-122.7002,-12.0,92,40,1.03,CA,1610601881
Havelock,34.8791,-76.9013,8.33,92,68,0.45,US,1610601854
Danielskuil,-28.1887,23.5395,21.26,68,90,3.44,ZA,1610601883
Belmonte,-15.8631,-38.8828,25.0,83,75,1.54,BR,1610601884
Chivilcoy,-34.8957,-60.0167,17.22,72,0,4.92,AR,1610601884
Whitianga,-36.8333,175.7,22.24,69,21,2.56,NZ,1610601886
Karasjok,69.4719,25.5112,-15.0,72,0,7.72,NO,1610601888
Nur-Sultan,51.1801,71.446,-31.0,69,0,3.0,KZ,1610601838
Kavaratti,10.5669,72.642,27.25,72,91,3.14,IN,1610601891
São Félix do Xingu,-6.6447,-51.995,21.76,96,93,0.29,BR,1610601892
Xinmin,41.9908,122.8253,-4.0,50,99,4.0,CN,1610601894
Ngunguru,-35.6167,174.5,21.06,72,0,1.92,NZ,1610601894
Notodden,59.5594,9.2585,-9.44,90,0,2.74,NO,1610601898
De-Kastri,51.4667,140.7833,-19.97,88,100,5.97,RU,1610601899
Luena,-11.7833,19.9167,16.48,97,100,2.08,AO,1610601902
Winneba,5.3511,-0.6231,26.0,89,40,3.09,GH,1610601904
São Filipe,14.8961,-24.4956,21.78,73,51,6.33,CV,1610601633
Jinchang,38.4953,102.1739,-1.29,62,37,3.88,CN,1610601905
Samarai,-10.6167,150.6667,28.52,76,100,2.84,PG,1610601906
Malatya Province,38.5,38.0,2.0,100,75,2.06,TR,1610601906
Hambantota,6.1241,81.1185,28.0,94,75,2.06,LK,1610601907
Galle,6.0367,80.217,28.52,69,99,4.0,LK,1610601908
Touros,-5.1989,-35.4608,24.0,88,20,1.54,BR,1610601909
Gigmoto,13.7796,124.39,25.59,89,100,2.82,PH,1610601910
Tigil',57.8,158.6667,-17.79,92,83,2.26,RU,1610601721
Hailey,43.5196,-114.3153,0.0,37,1,3.6,US,1610601918
Coahuayana Viejo,18.7333,-103.6833,22.92,51,100,1.58,MX,1610601919
Nouadhibou,20.931,-17.0347,16.0,48,86,8.75,MR,1610601699
Doha,25.2867,51.5333,17.0,59,0,1.54,QA,1610601754
Bam,29.106,58.357,12.48,24,0,0.7,IR,1610601929
Banjar,-8.19,114.9675,30.0,79,20,6.69,ID,1610601931
Okoneshnikovo,54.8377,75.0834,-27.75,88,43,3.12,RU,1610601933
Bay Roberts,47.5999,-53.2648,-1.11,89,34,1.71,CA,1610601935
Iquique,-20.2208,-70.1431,21.0,64,20,3.6,CL,1610601838
Belomorsk,64.5232,34.7668,-28.69,86,0,1.01,RU,1610601941
Ribeira Grande,38.5167,-28.7,17.57,83,50,10.88,PT,1610601930
Balancán,17.8,-91.5333,20.52,91,86,3.0,MX,1610601946
Cayenne,4.9333,-52.3333,26.0,83,0,2.57,GF,1610601934
Kamen'-na-Obi,53.7884,81.3423,-26.76,88,97,3.74,RU,1610601951
Kharp,66.8014,65.8081,-23.5,84,100,5.99,RU,1610601954
Rocha,-34.4833,-54.3333,13.01,79,0,2.18,UY,1610601823
Tarko-Sale,64.9225,77.785,-15.0,94,100,7.72,RU,1610601665
Half Moon Bay,37.4636,-122.4286,14.44,100,90,3.6,US,1610601956
Wajir,1.7471,40.0573,24.05,72,57,5.56,KE,1610601957
Puerto Escondido,15.85,-97.0667,23.91,73,2,1.79,MX,1610601958
Isiro,2.7739,27.616,18.94,59,87,0.71,CD,1610601958
Nanortalik,60.1432,-45.2371,-1.82,94,100,4.76,GL,1610601584
Bayan,46.0833,127.4,-16.54,92,100,4.74,CN,1610601963
Grand-Santi,4.25,-54.3833,21.49,97,91,0.91,GF,1610601964
Luganville,-15.5333,167.1667,29.29,76,95,3.43,VU,1610601717
Octeville,49.6261,-1.6435,10.0,93,90,8.75,FR,1610601965
Usinsk,65.9939,57.5281,-27.19,85,74,5.22,RU,1610601966
Lakatoro,-16.0999,167.4164,29.3,75,96,4.06,VU,1610601649
San Cristobal,7.7669,-72.225,16.7,85,97,1.08,VE,1610601968
Saucillo,28.0167,-105.2833,10.41,40,0,2.45,MX,1610601969
Manado,1.487,124.8455,31.0,66,40,2.57,ID,1610601857
Sitka,57.0531,-135.33,3.0,87,90,2.57,US,1610601977
Mut,36.6439,33.4389,8.21,63,98,1.16,TR,1610601979
Sherbakul',54.6316,72.3963,-18.0,78,75,2.0,RU,1610601982
Departamento de Maldonado,-34.6667,-54.9167,16.0,82,0,2.57,UY,1610601566
Naze,28.3667,129.4833,19.0,48,75,4.63,JP,1610601985
Chute-aux-Outardes,49.1168,-68.399,-1.0,86,90,4.12,CA,1610601986
Ghanzi,-21.5667,21.7833,22.03,77,0,5.48,BW,1610601987
Vestmannaeyjar,63.4427,-20.2734,6.68,72,94,6.72,IS,1610601831
Nachalovo,46.338,48.2013,-1.0,86,90,7.0,RU,1610601988
Vila Franca do Campo,37.7167,-25.4333,16.11,94,75,4.63,PT,1610601988
Skowhegan,44.7651,-69.7192,-1.11,87,100,1.27,US,1610601989
Taoudenni,22.6783,-3.9836,12.98,38,0,6.85,ML,1610601990
Menongue,-14.6585,17.691,17.02,93,100,1.56,AO,1610601992
Maniitsoq,65.4167,-52.9,-6.78,95,100,3.99,GL,1610601994
Puerto Vallarta,20.6204,-105.2307,19.62,52,100,1.14,MX,1610601996
Leningradskiy,69.3833,178.4167,-20.76,90,100,0.91,RU,1610602000
Saldanha,-33.0117,17.9442,17.0,88,0,3.09,ZA,1610601707
Dhidhdhoo,6.8833,73.1,27.01,77,96,3.93,MV,1610602004
Corning,42.1428,-77.0547,0.56,86,1,3.32,US,1610602005
Trincomalee,8.5711,81.2335,26.62,82,99,2.62,LK,1610602005
Quatre Cocos,-20.2078,57.7625,28.0,74,40,5.66,MU,1610601602
General Roca,-39.0333,-67.5833,22.0,68,0,3.09,AR,1610602009
Yaan,7.3833,8.5667,21.97,93,6,2.44,NG,1610602011
Whitehorse,60.7161,-135.0538,-6.0,68,20,4.63,CA,1610601766
Kaseda-shirakame,31.4167,130.3167,14.0,58,75,2.57,JP,1610602015
Grindavik,63.8424,-22.4338,4.0,81,20,6.17,IS,1610602016
Munai,7.9758,124.0636,25.28,88,98,1.53,PH,1610602020
Alyangula,-13.8483,136.4192,26.0,100,75,2.25,AU,1610602024
Barcelos,41.5388,-8.6151,2.78,100,20,0.51,PT,1610602024
Samoded,63.6083,40.5111,-30.01,87,3,1.87,RU,1610602027
Junín,-34.5838,-60.9433,17.78,31,0,1.34,AR,1610602028
Province of Mantua,45.1667,10.7833,-2.22,93,0,1.54,IT,1610602028
Codrington,-38.2667,141.9667,15.83,74,96,7.25,AU,1610602030
Beringovskiy,63.05,179.3167,-24.01,89,100,4.0,RU,1610602032
Oriximiná,-1.7656,-55.8661,23.63,95,67,0.57,BR,1610601779
Lorengau,-2.0226,147.2712,29.88,65,95,4.24,PG,1610601624
Plouzané,48.3833,-4.6167,11.0,93,90,6.69,FR,1610602035
Bambuí,-20.0064,-45.9769,20.33,96,100,0.86,BR,1610602038
Lake Shasta,40.6804,-122.3708,11.11,92,14,2.15,US,1610602038
Geraldton,-28.7667,114.6,35.0,31,38,9.77,AU,1610601912
Göksun,38.021,36.4973,9.0,93,75,3.09,TR,1610602043
Yulara,-25.2406,130.9889,41.0,11,0,8.75,AU,1610602045
Batemans Bay,-35.7167,150.1833,30.56,80,32,2.68,AU,1610602047
Esperance,-33.8667,121.9,21.0,43,100,9.26,AU,1610601653
Milos,36.75,24.4333,12.0,62,10,7.72,GR,1610602052
Snyder,32.7179,-100.9176,4.0,65,1,4.12,US,1610601927
Tessalit,20.1986,1.0114,16.61,27,0,4.32,ML,1610601554
Soyo,-6.1349,12.3689,25.26,78,42,1.93,AO,1610602054
Kutum,14.2,24.6667,10.65,43,0,2.42,SD,1610602056
Tucumã,-0.1833,-50.05,24.39,92,52,2.51,BR,1610602056
Krasnosel'kup,65.7,82.4667,-21.73,91,100,2.77,RU,1610602058
Whitley Bay,55.0397,-1.4471,1.67,100,90,1.54,GB,1610602060
Saint Paul Harbor,57.79,-152.4072,-2.0,93,40,2.06,US,1610601562
Mamakan,57.8161,114.0028,-23.95,82,100,1.02,RU,1610602065
Bambous Virieux,-20.3428,57.7575,28.0,74,40,5.66,MU,1610601828
Satellite Beach,28.1761,-80.5901,13.33,82,90,4.63,US,1610602068
Safi,32.2994,-9.2372,10.06,74,0,5.53,MA,1610602069
Makkah al Mukarramah,21.4267,39.8261,22.25,60,0,0.83,SA,1610602055
Peace River,56.2501,-117.286,-2.0,54,20,11.32,CA,1610602071
Makushino,55.2103,67.2442,-29.18,84,0,1.93,RU,1610602072
Miraflores,19.2167,-98.8083,15.0,47,75,2.57,MX,1610602073
Artvin Province,41.1667,41.8333,11.0,93,75,3.09,TR,1610602076
Grand Gaube,-20.0064,57.6608,28.0,74,40,5.66,MU,1610602077
Eyl,7.9803,49.8164,23.77,67,21,9.25,SO,1610602078
Pecos,31.4229,-103.4932,12.0,19,1,8.75,US,1610602079
Souillac,-20.5167,57.5167,28.0,74,40,5.66,MU,1610601673
Cockburn Town,21.4612,-71.1419,25.09,77,7,7.87,TC,1610602085
Kenai,60.5544,-151.2583,-3.33,93,20,2.06,US,1610602087
Tual,-5.6667,132.75,28.41,73,100,2.98,ID,1610601844
Atambua,-9.1061,124.8925,29.34,70,100,0.96,ID,1610602092
Santa Lucía,27.9117,-15.5407,15.56,72,40,3.6,ES,1610602094
Pathein,16.7833,94.7333,29.45,41,0,3.41,MM,1610601833
Huicungo,-7.2833,-76.8,21.53,93,100,0.7,PE,1610602097
Kiryat Gat,31.61,34.7642,13.89,100,2,0.89,IL,1610601481
Bubaque,11.2833,-15.8333,25.52,62,0,5.0,GW,1610601607
Cienfuegos,22.1461,-80.4356,21.0,100,16,1.03,CU,1610602101
Chingirlau,51.095,54.0814,-15.19,91,93,9.99,KZ,1610602103
Izberbash,42.5696,47.8645,5.0,87,100,5.0,RU,1610602104
Huarmey,-10.0681,-78.1522,21.7,83,100,2.4,PE,1610601975
Sambava,-14.2667,50.1667,27.76,77,51,1.24,MG,1610602105
Kāsaragod,12.5,75.0,28.0,54,20,3.09,IN,1610601875
Forsytheganj,52.6333,29.7333,-10.14,97,88,2.0,BY,1610602108
Padang,-0.9492,100.3543,30.82,52,69,2.4,ID,1610602110
San Quintín,30.4833,-115.95,15.6,39,0,1.81,MX,1610602113
Lata,40.1629,-8.3327,8.0,87,75,3.6,PT,1610602073
Kaitangata,-46.2817,169.8464,16.67,80,17,3.58,NZ,1610601670
Limbe,4.0242,9.2149,24.0,100,40,1.54,CM,1610602120
Heraclea,37.5133,34.0467,4.06,74,99,1.34,TR,1610602120
Huoqiu,32.3394,116.2694,14.97,35,65,3.06,CN,1610602123
Pacific Grove,36.6177,-121.9166,14.44,82,1,2.57,US,1610602124
Yartsevo,55.0667,32.6964,-12.36,95,100,4.11,RU,1610602124
Norman Wells,65.282,-126.8329,-17.0,85,90,2.57,CA,1610602125
Port Hardy,50.6996,-127.4199,6.0,93,90,2.06,CA,1610601858
Qom,34.6401,50.8764,5.73,60,57,0.47,IR,1610602126
Włoszczowa,50.8526,19.9659,0.56,1,99,1.9,PL,1610602127
Krutinka,56.0055,71.5113,-27.32,85,0,3.02,RU,1610602127
Nantucket,41.2835,-70.0995,5.0,75,75,4.63,US,1610601389
Tabou,4.423,-7.3528,24.94,88,43,3.52,CI,1610602020
Bonfim,3.0833,-59.95,24.39,80,93,4.1,BR,1610602131
Boyolangu,-8.1181,111.8935,29.07,69,100,3.7,ID,1610601969
Makat,47.6469,53.3463,-6.26,95,100,14.39,KZ,1610602133
Burnie,-41.0667,145.9167,20.0,41,71,4.47,AU,1610602137
Sur,22.5667,59.5289,22.06,44,0,1.21,OM,1610601803
Lüderitz,-26.6481,15.1594,18.59,85,93,1.99,NA,1610601995
Vanimo,-2.6741,141.3028,30.1,67,99,2.8,PG,1610601852
Port Elizabeth,-33.918,25.5701,20.0,100,90,7.2,ZA,1610601624
Necochea,-38.5473,-58.7368,12.78,85,15,5.77,AR,1610601595
Coreaú,-3.5333,-40.6567,22.8,90,95,0.79,BR,1610602144
Butaritari,3.0707,172.7902,27.4,79,77,7.99,KI,1610601595
Port-Gentil,-0.7193,8.7815,24.0,100,20,2.06,GA,1610602147
Xuchang,34.0167,113.8167,15.0,31,27,4.0,CN,1610602148
Oxapampa,-10.5775,-75.4017,15.39,88,100,0.76,PE,1610602150
Havøysund,70.9963,24.6622,0.0,93,90,6.69,NO,1610601758
Piaçabuçu,-10.4056,-36.4344,24.68,81,37,4.03,BR,1610602157
Creston,41.0586,-94.3614,3.0,81,1,3.09,US,1610602158
Berlevåg,70.8578,29.0864,-1.0,86,40,9.26,NO,1610602159
Saint-Philippe,-21.3585,55.7679,29.0,74,0,2.57,RE,1610601809
Bathsheba,13.2167,-59.5167,26.0,69,40,8.23,BB,1610601879
Timrå,62.487,17.3257,-11.0,79,90,6.17,SE,1610602161
Bredasdorp,-34.5322,20.0403,20.0,88,100,5.66,ZA,1610601660
Weihai,37.5017,122.1136,4.88,72,0,7.76,CN,1610602163
Ponta do Sol,32.6667,-17.1,14.0,67,40,4.63,PT,1610601589
Praia da Vitória,38.7333,-27.0667,17.0,88,75,7.68,PT,1610602165
Palomares,17.15,-95.0667,17.57,82,100,4.4,MX,1610602170
Dingle,10.9995,122.6711,26.79,85,100,5.35,PH,1610602171
Denpasar,-8.65,115.2167,30.0,79,20,6.69,ID,1610601627
Djenné,13.9061,-4.5533,20.15,21,93,3.47,ML,1610602173
Vardø,70.3705,31.1107,-13.0,85,75,5.66,NO,1610601638
Cerrito,6.8432,-72.694,9.64,68,85,0.93,CO,1610601960
Mitsamiouli,-11.3847,43.2844,27.68,73,11,3.54,KM,1610602181
Broken Hill,-31.95,141.4333,29.0,20,0,5.66,AU,1610602164
Manggar,-2.8833,108.2667,25.97,87,100,3.81,ID,1610602183
Marawi,7.9986,124.2928,26.67,89,98,3.13,PH,1610601967
Arraial do Cabo,-22.9661,-42.0278,24.11,89,12,8.43,BR,1610601605
Taltal,-25.4,-70.4833,17.17,75,9,0.21,CL,1610601871
Thunder Bay,48.4001,-89.3168,-0.56,93,90,1.03,CA,1610602064
Kodinsk,58.6881,99.1844,-20.98,89,100,6.06,RU,1610602188
Vinh,18.6667,105.6667,18.82,61,1,2.08,VN,1610602132
Sechura,-5.5569,-80.8222,22.78,76,98,4.97,PE,1610602189
Asău,46.4333,26.4,-5.0,93,0,4.12,RO,1610601779
Hong Kong,22.2855,114.1577,18.33,36,2,3.09,HK,1610602082
Myitkyina,25.3833,97.4,25.54,36,0,0.45,MM,1610602191
Coquimbo,-29.9533,-71.3436,14.0,88,20,3.09,CL,1610601796
Port Hedland,-20.3167,118.5667,44.0,20,0,6.69,AU,1610602017
Ust-Nera,64.5667,143.2,-32.0,76,100,0.92,RU,1610602197
Mar del Plata,-38.0023,-57.5575,18.33,59,0,3.6,AR,1610601731
Bilma,18.6853,12.9164,15.05,49,94,5.65,NE,1610602199
Rio Verde de Mato Grosso,-18.9181,-54.8442,23.07,89,94,1.78,BR,1610602023
Tuktoyaktuk,69.4541,-133.0374,-23.0,77,90,1.54,CA,1610602180
Kysyl-Syr,63.8986,122.7617,-36.48,82,97,3.36,RU,1610602206
Alice Springs,-23.7,133.8833,39.0,14,0,7.2,AU,1610602210
Nishihara,26.1842,127.7558,20.0,42,75,3.6,JP,1610602210
Verāval,20.9,70.3667,26.12,27,19,0.55,IN,1610602213
Sibu,2.3,111.8167,28.0,78,40,2.06,MY,1610602049
Khatanga,71.9667,102.5,-40.26,80,93,5.08,RU,1610601914
Isangel,-19.55,169.2667,27.0,89,90,3.6,VU,1610601660
Sanmenxia,34.7747,111.1814,13.38,32,0,4.84,CN,1610602219
Kudahuvadhoo,2.6708,72.8944,27.89,77,65,7.18,MV,1610602109
Cabra,37.4725,-4.4421,2.78,93,0,0.16,ES,1610602223
Dongzhen,22.3797,110.9389,22.68,20,29,1.4,CN,1610602224
Sørland,67.667,12.6934,1.91,81,90,3.69,NO,1610602225
Port Alfred,-33.5906,26.891,19.44,97,100,0.89,ZA,1610601646
Thompson,55.7435,-97.8558,-3.0,100,90,1.54,CA,1610602180
Dingli,35.8614,14.3822,13.89,87,75,4.12,MT,1610602230
Poum,-20.2333,164.0167,27.47,82,99,6.0,NC,1610602230
Christchurch,-43.5333,172.6333,22.22,73,75,5.14,NZ,1610602021
Ransang,8.9603,117.5828,28.71,72,97,3.39,PH,1610602232
Mandalgovi,45.7625,106.2708,-13.82,88,100,7.89,MN,1610602232
Fairbanks,64.8378,-147.7164,-21.0,84,75,0.85,US,1610601604
Gōtsuchō,35.0,132.2167,13.0,47,20,2.06,JP,1610602235
Sawākin,19.1059,37.3321,25.22,73,66,0.83,SD,1610602236
Kisangani,0.5167,25.2,24.28,73,97,0.52,CD,1610602237
Iralaya,15.0,-83.2333,24.22,87,53,3.43,HN,1610602237
Aswān,24.0934,32.907,14.48,53,1,4.87,EG,1610601718
Tambovka,50.0969,128.0489,-20.0,59,0,1.0,RU,1610602241
Acaraú,-2.8856,-40.12,25.09,83,93,5.08,BR,1610602242
Nikolskoye,59.7035,30.7861,-12.22,85,20,3.0,RU,1610602242
Stornoway,58.2093,-6.3865,7.0,93,90,6.69,GB,1610601814
Grajaú,-5.8194,-46.1386,21.95,95,31,0.91,BR,1610602245
Atar,20.5169,-13.0499,15.58,29,100,6.87,MR,1610602128
Mayo,38.8876,-76.5119,1.0,100,1,2.6,US,1610601789
Aklavik,68.2191,-135.0107,-26.0,76,100,1.97,CA,1610601788
Griffith,41.5284,-87.4237,4.0,87,75,4.63,US,1610602251
Arrondissement de Verdun,49.25,5.3333,2.22,97,100,1.38,FR,1610602252
Portland,45.5234,-122.6762,7.22,76,75,0.9,US,1610601687
Vaini,-21.2,-175.2,28.0,89,75,3.09,TO,1610602253
Chui,-33.6971,-53.4616,16.37,67,0,3.37,UY,1610601702
Puerto Lempira,15.2667,-83.7667,23.92,83,56,2.87,HN,1610602255
Provideniya,64.3833,-173.3,-16.0,72,75,3.0,RU,1610602194
Qax,41.4225,46.9242,4.0,93,75,3.09,AZ,1610602257
George Town,5.4112,100.3354,30.0,62,20,3.6,MY,1610601995
Noumea,-22.2763,166.4572,25.0,94,90,5.66,NC,1610601610
Puerto Santander,8.3636,-72.4063,22.22,82,93,1.06,CO,1610602260
Saint-Pierre,-21.3393,55.4781,29.0,74,0,2.57,RE,1610602260
Beroroha,-21.6667,45.1667,31.85,52,55,1.79,MG,1610602261
Nizhnevartovsk,60.9344,76.5531,-19.0,78,0,6.0,RU,1610602262
Ixtapa,20.7,-105.2,18.01,58,100,1.17,MX,1610602237
Naryan-Mar,67.6713,53.087,-23.64,85,90,5.3,RU,1610602055
Nowa Ruda,50.5801,16.5016,-2.22,82,85,1.56,PL,1610602264
Turukhansk,65.8167,87.9833,-34.04,83,83,2.78,RU,1610601909
Mahébourg,-20.4081,57.7,28.0,74,40,5.66,MU,1610602266
Kindu,-2.95,25.95,20.96,97,100,1.76,CD,1610602267
Concepción,-36.827,-73.0498,12.0,82,0,5.66,CL,1610602174
Parintins,-2.6283,-56.7358,23.14,96,48,0.81,BR,1610602269
Maceió,-9.6658,-35.7353,23.0,94,20,1.54,BR,1610602269
Chokurdakh,70.6333,147.9167,-29.6,87,100,3.5,RU,1610602270
Albany,42.6001,-73.9662,0.56,71,100,1.49,US,1610602167
Hilo,19.7297,-155.09,23.0,78,1,1.71,US,1610601442
Pantai Remis,4.4557,100.6288,31.0,70,40,0.51,MY,1610602273
Constitución,-35.3333,-72.4167,11.43,71,0,4.24,CL,1610602275
Inyonga,-6.7167,32.0667,21.03,86,95,0.15,TZ,1610602276
Katsuura,35.1333,140.3,14.44,76,20,2.06,JP,1610602074
Torbay,47.6666,-52.7314,0.0,93,90,3.09,CA,1610602137
Saskylakh,71.9167,114.0833,-43.94,75,58,3.6,RU,1610602279
Montego Bay,18.4712,-77.9188,25.0,73,20,2.57,JM,1610602168
Iqaluit,63.7506,-68.5145,-26.67,76,1,1.54,CA,1610601820
Hasaki,35.7333,140.8333,14.44,38,0,3.09,JP,1610601999
Yellowknife,62.456,-114.3525,-12.22,92,90,5.14,CA,1610601758
Yarmouth,41.7057,-70.2286,3.0,80,90,3.9,US,1610602181
Hornepayne,49.2138,-84.7705,-3.37,98,96,0.59,CA,1610602292
Prince George,53.9166,-122.753,0.0,64,1,4.63,CA,1610602292
Flinders,-34.5833,150.8552,32.22,62,27,1.79,AU,1610601832
Livingston,55.9029,-3.5226,2.78,100,90,4.12,GB,1610602294
Tiksi,71.6872,128.8694,-36.92,84,71,1.64,RU,1610602295
Puerto Ayacucho,5.6639,-67.6236,23.19,84,95,2.05,VE,1610602298
Klaksvík,62.2266,-6.589,4.0,81,20,10.29,FO,1610602173
Pangnirtung,66.1451,-65.7125,-20.79,75,99,0.29,CA,1610602300
Avarua,-21.2078,-159.775,28.0,74,90,7.72,CK,1610602294
Hermanus,-34.4187,19.2345,21.67,85,80,2.68,ZA,1610602274
Sisimiut,66.9395,-53.6735,-8.36,95,100,2.18,GL,1610602301
Muros,42.7762,-9.0603,7.78,84,69,0.89,ES,1610602302
Escárcega,18.6089,-90.7454,20.39,98,76,1.55,MX,1610602278
Kuytun,54.3419,101.5036,-17.57,91,99,3.89,RU,1610602306
Nyurba,63.2842,118.3319,-25.6,87,100,3.48,RU,1610602307
Severo-Kuril'sk,50.6789,156.125,-6.11,83,71,0.69,RU,1610601725
Luan,46.3592,6.9759,5.0,81,0,1.03,CH,1610602308
Saint George,37.1041,-113.5841,4.0,28,1,1.54,US,1610601511
Ankazoabo,-22.2833,44.5167,31.72,46,0,1.9,MG,1610602310
Gorgota,44.7833,26.0833,-3.89,100,0,3.09,RO,1610602310
Upernavik,72.7868,-56.1549,-11.52,96,100,6.64,GL,1610602306
Tautira,-17.7333,-149.15,28.0,65,40,3.09,PF,1610602312
Tazovsky,67.4667,78.7,-22.28,91,100,3.1,RU,1610602044
Saint-Augustin,51.226,-58.6502,-6.62,94,78,2.18,CA,1610602313
Wencheng,33.0559,113.7978,15.48,39,46,5.43,CN,1610602314
Bluff,-46.6,168.3333,15.0,94,19,4.47,NZ,1610602289
Solnechnyy,50.7214,136.6319,-19.3,87,99,0.6,RU,1610602319
Bengkulu,-3.8004,102.2655,28.82,62,100,2.15,ID,1610602084
Forestville,38.8451,-76.875,2.22,86,1,1.52,US,1610602321
Neiafu,-18.65,-173.9833,28.0,78,20,2.57,TO,1610602322
Yima,34.7381,111.8839,11.94,33,0,0.64,CN,1610602323
Mount Isa,-20.7333,139.5,38.0,19,0,4.63,AU,1610602060
Kahului,20.8947,-156.47,24.0,69,20,2.57,US,1610602324
Port Lincoln,-34.7333,135.8667,17.96,53,17,7.66,AU,1610602325
Lyantonde,-0.4031,31.1572,21.24,71,97,1.23,UG,1610602326
Kruisfontein,-34.0033,24.7314,23.33,84,97,1.79,ZA,1610602237
Kumul,42.8,93.45,-4.34,79,71,1.13,CN,1610602303
Narsaq,60.9167,-46.05,-2.0,86,90,1.03,GL,1610601794
Channarāyapatna,12.9044,76.3917,24.92,53,44,6.28,IN,1610602330
Dikson,73.5069,80.5464,-33.79,81,0,2.85,RU,1610602315
Mahon,39.8885,4.2658,8.0,87,20,2.06,ES,1610602332
Rodrigues Alves,-7.738,-72.6509,22.35,98,90,1.19,BR,1610602333
Dukat,62.55,155.55,-39.48,79,83,2.08,RU,1610602334
Valparaíso,-33.0393,-71.6273,11.0,100,0,2.06,CL,1610602335
Belaya Gora,68.5333,146.4167,-35.48,83,100,2.58,RU,1610602240
Skjervøy,70.0311,20.9714,-10.0,73,75,3.6,NO,1610602336
Boa Vista,2.8197,-60.6733,26.0,73,0,4.63,BR,1610602337
Airai,-8.9266,125.4092,23.73,82,100,0.87,TL,1610601981
Tripoli,32.8752,13.1875,14.33,70,89,7.29,LY,1610602147
Aksha,50.2814,113.2867,-16.53,80,32,3.17,RU,1610602339
Clyde River,70.4692,-68.5914,-20.0,84,90,6.17,CA,1610602339
Hanmer Springs,-42.5167,172.8167,23.29,50,22,2.72,NZ,1610602341
Kavieng,-2.5744,150.7967,29.66,69,81,6.14,PG,1610601886
Atuona,-9.8,-139.0333,25.42,78,20,5.38,PF,1610602267
Beloha,-25.1667,45.05,29.47,61,34,3.59,MG,1610602343
Zunyi,27.6867,106.9072,13.0,42,0,2.23,CN,1610602344
Pirapemas,-3.7267,-44.2233,22.3,99,93,1.07,BR,1610602345
Vostok,46.4856,135.8833,-17.29,91,100,3.05,RU,1610602346
Bilibino,68.0546,166.4372,-30.09,83,81,1.29,RU,1610602348
Pahrump,36.2083,-115.9839,10.56,28,1,1.54,US,1610602177
Ulladulla,-35.35,150.4667,30.56,65,40,8.75,AU,1610602141
Mataura,-46.1927,168.8643,15.0,94,19,4.47,NZ,1610602228
Kapaa,22.0752,-159.319,22.0,78,90,5.66,US,1610602318
Saint Anthony,45.0205,-93.218,1.11,86,1,1.54,US,1610602353
Maravilha,-26.7608,-53.1725,22.0,83,0,7.72,BR,1610602354
Cabo San Lucas,22.8909,-109.9124,15.56,70,35,1.29,MX,1610602163
Bethel,41.3712,-73.414,1.11,80,40,1.94,US,1610601779
Shenjiamen,29.9576,122.298,11.52,71,0,6.49,CN,1610602356
Jalu,29.0331,21.5482,10.49,69,36,7.14,LY,1610602356
East London,-33.0153,27.9116,21.0,100,90,4.12,ZA,1610602357
Grandview,38.8858,-94.533,8.33,61,1,4.63,US,1610602120
Rikitea,-23.1203,-134.9692,25.49,74,61,5.69,PF,1610602168
Ilulissat,69.2167,-51.1,-4.0,80,90,4.12,GL,1610602329
Puerto Ayora,-0.7393,-90.3518,23.89,94,63,1.79,EC,1610602316
Alanya,36.5438,31.9998,16.0,51,40,6.17,TR,1610602334
Carnarvon,-24.8667,113.6333,30.0,70,46,7.2,AU,1610601824
Cape Town,-33.9258,18.4232,21.67,77,0,2.57,ZA,1610602281
Pitimbu,-7.4706,-34.8086,24.0,94,40,1.54,BR,1610602363
New Norfolk,-42.7826,147.0587,22.78,53,78,1.34,AU,1610602239
Unión de Tula,19.9667,-104.2667,16.0,40,100,0.58,MX,1610602364
Castro,-24.7911,-50.0119,18.12,92,87,4.68,BR,1610602094
Elko,41.0002,-115.5012,3.0,70,40,0.96,US,1610602206
Hobart,-42.8794,147.3294,22.78,43,75,4.63,AU,1610602328
Faanui,-16.4833,-151.75,27.62,76,75,7.21,PF,1610602062
Meulaboh,4.1363,96.1285,27.76,67,87,0.72,ID,1610602368
Barrow,71.2906,-156.7887,-23.0,77,1,7.2,US,1610602198
Ushuaia,-54.8,-68.3,11.0,76,75,1.85,AR,1610601907
Upington,-28.4478,21.2561,24.0,73,40,4.12,ZA,1610602369
Busselton,-33.65,115.3333,26.67,36,93,0.89,AU,1610602172
Acapulco de Juárez,16.8634,-99.8901,25.2,68,22,1.07,MX,1610601763
Lebu,-37.6167,-73.65,12.07,88,0,6.86,CL,1610602259
Lompoc,34.6391,-120.4579,20.0,93,1,2.06,US,1610602372
Cidreira,-30.1811,-50.2056,21.22,68,37,6.83,BR,1610602216
Formosa do Rio Preto,-11.0483,-45.1931,20.57,89,3,0.83,BR,1610602373
Longyearbyen,78.2186,15.6401,-6.0,79,75,6.17,SJ,1610601896
Les Escoumins,48.1111,-69.0236,0.0,69,92,4.63,CA,1610602375
Shuiji,27.4214,118.345,17.67,30,0,1.14,CN,1610602376
Husavik,66.0449,-17.3389,3.0,81,90,3.6,IS,1610602376
Raton,36.9034,-104.4391,4.0,48,1,2.57,US,1610602377
Qaanaaq,77.484,-69.3632,-19.3,77,23,1.45,GL,1610602378
Hithadhoo,-0.6,73.0833,27.84,76,49,9.28,MV,1610601917
Jamestown,42.097,-79.2353,2.78,80,40,4.63,US,1610602154
Punta Arenas,-53.15,-70.9167,11.0,82,90,8.23,CL,1610602183
Wadi Maliz,36.4681,8.5495,9.0,87,40,3.6,TN,1610602380
Yangi Marg`ilon,40.4272,71.7189,5.0,52,0,1.03,UZ,1610602381
Linares,-35.85,-71.6,9.75,50,0,1.41,CL,1610602284
Palimbang,6.2106,124.1894,28.99,74,35,2.24,PH,1610602383
